{"cameraMode":{"drawMode":0,"name":"Shaded","section":"Shading Mode"},"sceneLighting":true,"audioPlay":false,"sceneViewState":{"m_AlwaysRefresh":false,"showFog":true,"showSkybox":true,"showFlares":true,"showImageEffects":true,"showParticleSystems":true,"showVisualEffectGraphs":true,"m_FxEnabled":true},"in2DMode":false,"pivot":{"x":3.9202513694763185,"y":1.3172872066497803,"z":3.8523106575012209},"rotation":{"x":-0.21568092703819276,"y":-0.5592222809791565,"z":0.15347209572792054,"w":-0.785645067691803},"size":8.188885688781739,"orthographic":true}