{"cameraMode":{"drawMode":0,"name":"Shaded","section":"Shading Mode"},"sceneLighting":true,"audioPlay":false,"sceneViewState":{"m_AlwaysRefresh":false,"showFog":true,"showSkybox":true,"showFlares":true,"showImageEffects":true,"showParticleSystems":true,"showVisualEffectGraphs":true,"m_FxEnabled":true},"in2DMode":false,"pivot":{"x":0.10452604293823242,"y":4.555092811584473,"z":4.144435882568359},"rotation":{"x":0.23711349070072175,"y":-0.009878028184175492,"z":0.002500332659110427,"w":0.9714627861976624},"size":13.5536470413208,"orthographic":true}